timestamp_utc,event_type,symbol,name,mode,trade_source,broker,broker_order_id,broker_parent_order_id,broker_status,broker_filled_qty,broker_filled_avg_price,broker_exit_order_id,shares,entry_price,stop_price,target_price,exit_price,exit_reason,status,notes,linked_signal_timestamp_utc,linked_signal_entry,linked_signal_stop,linked_signal_target,linked_signal_confidence,inferred_stop_hit,inferred_target_hit,inferred_first_level_hit,inferred_analysis_start_utc,inferred_analysis_end_utc
2026-03-27T14:00:01.569351+00:00,OPEN,ACHR,Archer Aviation,secondary,ALPACA_PAPER,ALPACA,14f02443-cb05-4de4-9f1e-ba02105a47b0,14f02443-cb05-4de4-9f1e-ba02105a47b0,pending_new,,,,97,5.15,5.17975,5.0905000000000005,,,OPEN,Paper SELL bracket order submitted. client_order_id=scanner-ACHR-SELL-51500-97,2026-03-27T14:00:01.569351+00:00,5.15,5.17975,5.0905000000000005,70.0,,,,,
2026-03-27T14:00:01.569351+00:00,OPEN,OPEN,Opendoor,secondary,ALPACA_PAPER,ALPACA,cc466ee1-fb26-4327-9710-205a5ee091d1,cc466ee1-fb26-4327-9710-205a5ee091d1,pending_new,,,,107,4.66,4.688,4.604,,,OPEN,Paper SELL bracket order submitted. client_order_id=scanner-OPEN-SELL-46600-107,2026-03-27T14:00:01.569351+00:00,4.66,4.688,4.604,99.0,,,,,
2026-03-27T14:00:01.569351+00:00,OPEN,GRAB,Grab,secondary,ALPACA_PAPER,ALPACA,812a8568-bc0b-4596-af8b-aa6908c2e8e5,812a8568-bc0b-4596-af8b-aa6908c2e8e5,pending_new,,,,140,3.565,3.5965000000000003,3.502,,,OPEN,Paper SELL bracket order submitted. client_order_id=scanner-GRAB-SELL-35650-140,2026-03-27T14:00:01.569351+00:00,3.565,3.5965000000000003,3.502,99.0,,,,,
2026-03-27T14:05:02.930145+00:00,STOP_HIT,ACHR,Archer Aviation,secondary,ALPACA_PAPER,ALPACA,14f02443-cb05-4de4-9f1e-ba02105a47b0,14f02443-cb05-4de4-9f1e-ba02105a47b0,filled,97.0,5.18,311d962d-c579-48a9-9eb8-1c8f6ebb40ac,97,5.15,5.17975,5.0905000000000005,5.18,STOP_HIT,CLOSED,Paper trade exit synced from Alpaca. exit_event=STOP_HIT,2026-03-27T14:00:01.569351+00:00,5.15,5.17975,5.0905000000000005,70.0,,,,,
2026-03-27T14:05:03.571824+00:00,STOP_HIT,OPEN,Opendoor,secondary,ALPACA_PAPER,ALPACA,cc466ee1-fb26-4327-9710-205a5ee091d1,cc466ee1-fb26-4327-9710-205a5ee091d1,filled,107.0,4.7,3b40dcd8-60f2-4a06-ba84-ebc093a2ceed,107,4.66,4.688,4.604,4.7,STOP_HIT,CLOSED,Paper trade exit synced from Alpaca. exit_event=STOP_HIT,2026-03-27T14:00:01.569351+00:00,4.66,4.688,4.604,99.0,,,,,
2026-03-27T14:10:01.335951+00:00,OPEN,CLOV,Clover Health,third,ALPACA_PAPER,ALPACA,52f9f600-d61e-4d42-98da-4231ab356d5c,52f9f600-d61e-4d42-98da-4231ab356d5c,pending_new,,,,281,1.775,1.7819999999999998,1.761,,,OPEN,Paper SELL bracket order submitted. client_order_id=scanner-CLOV-SELL-17750-281,2026-03-27T14:10:01.335951+00:00,1.775,1.7819999999999998,1.761,93.0,,,,,
2026-03-27T14:10:01.335951+00:00,OPEN,RKLB,Rocket Lab,third,ALPACA_PAPER,ALPACA,ceab1b4d-8abf-4bcc-ad94-f96055c702a2,ceab1b4d-8abf-4bcc-ad94-f96055c702a2,pending_new,,,,8,62.495,63.05499999999999,61.375,,,OPEN,Paper SELL bracket order submitted. client_order_id=scanner-RKLB-SELL-624950-8,2026-03-27T14:10:01.335951+00:00,62.495,63.05499999999999,61.375,70.0,,,,,
2026-03-27T14:15:03.547627+00:00,STOP_HIT,RKLB,Rocket Lab,third,ALPACA_PAPER,ALPACA,ceab1b4d-8abf-4bcc-ad94-f96055c702a2,ceab1b4d-8abf-4bcc-ad94-f96055c702a2,filled,8.0,63.0487,22788b4b-7795-4234-824e-57952d36cac3,8,62.495,63.05499999999999,61.375,63.0487,STOP_HIT,CLOSED,Paper trade exit synced from Alpaca. exit_event=STOP_HIT,2026-03-27T14:10:01.335951+00:00,62.495,63.05499999999999,61.375,70.0,,,,,
2026-03-27T14:20:00.939825+00:00,OPEN,AI,C3.ai,fourth,ALPACA_PAPER,ALPACA,a91ca213-7116-48aa-b2f2-4a2793799db3,a91ca213-7116-48aa-b2f2-4a2793799db3,pending_new,,,,63,7.815,7.913,7.619,,,OPEN,Paper SELL bracket order submitted. client_order_id=scanner-AI-SELL-78150-63,2026-03-27T14:20:00.939825+00:00,7.815,7.913,7.619,70.0,,,,,
2026-03-27T14:20:00.939825+00:00,OPEN,QBTS,D-Wave Quantum,fourth,ALPACA_PAPER,ALPACA,5f9fb021-3ad6-41f1-9800-f787cb79813a,5f9fb021-3ad6-41f1-9800-f787cb79813a,pending_new,,,,35,14.12,14.200499999999998,13.959,,,OPEN,Paper SELL bracket order submitted. client_order_id=scanner-QBTS-SELL-141200-35,2026-03-27T14:20:00.939825+00:00,14.12,14.200499999999998,13.959,70.0,,,,,
2026-03-27T14:20:00.939825+00:00,OPEN,IONQ,IonQ,fourth,ALPACA_PAPER,ALPACA,a54b4c5c-f4bc-4550-9fb4-70d1dc3327a7,a54b4c5c-f4bc-4550-9fb4-70d1dc3327a7,pending_new,,,,17,28.49,28.657999999999998,28.154,,,OPEN,Paper SELL bracket order submitted. client_order_id=scanner-IONQ-SELL-284900-17,2026-03-27T14:20:00.939825+00:00,28.49,28.657999999999998,28.154,70.0,,,,,
2026-03-27T14:20:09.520711+00:00,STOP_HIT,CLOV,Clover Health,third,ALPACA_PAPER,ALPACA,52f9f600-d61e-4d42-98da-4231ab356d5c,52f9f600-d61e-4d42-98da-4231ab356d5c,filled,281.0,1.78,1cbf809b-fc6e-4844-bf73-da69e10043b0,281,1.775,1.7819999999999998,1.761,1.78,STOP_HIT,CLOSED,Paper trade exit synced from Alpaca. exit_event=STOP_HIT,2026-03-27T14:10:01.335951+00:00,1.775,1.7819999999999998,1.761,93.0,,,,,
2026-03-27T14:30:01.503294+00:00,OPEN,NVDA,NVIDIA,core_one,ALPACA_PAPER,ALPACA,20bbe0c4-b9b7-4475-bb0f-e14d523512a9,20bbe0c4-b9b7-4475-bb0f-e14d523512a9,pending_new,,,,2,167.94,168.59799999999998,166.624,,,OPEN,Paper SELL bracket order submitted. client_order_id=scanner-NVDA-SELL-1679400-2,2026-03-27T14:30:01.503294+00:00,167.94,168.59799999999998,166.624,103.0,,,,,
2026-03-27T14:30:01.503294+00:00,OPEN,TSLA,Tesla,core_one,ALPACA_PAPER,ALPACA,99c15394-61d0-44f0-b8a3-e307b565489f,99c15394-61d0-44f0-b8a3-e307b565489f,pending_new,,,,1,363.155,365.3495,358.76599999999996,,,OPEN,Paper SELL bracket order submitted. client_order_id=scanner-TSLA-SELL-3631550-1,2026-03-27T14:30:01.503294+00:00,363.155,365.3495,358.76599999999996,94.0,,,,,
2026-03-27T14:30:01.503294+00:00,OPEN,AMD,AMD,core_one,ALPACA_PAPER,ALPACA,796b8f9a-ff4a-499e-be8e-0805037f6157,796b8f9a-ff4a-499e-be8e-0805037f6157,pending_new,,,,2,199.05,199.9635,197.223,,,OPEN,Paper SELL bracket order submitted. client_order_id=scanner-AMD-SELL-1990500-2,2026-03-27T14:30:01.503294+00:00,199.05,199.9635,197.223,101.0,,,,,
2026-03-27T14:30:01.503294+00:00,OPEN,PLTR,Palantir,core_one,ALPACA_PAPER,ALPACA,68f95315-3be8-4650-91ce-41aa14456559,68f95315-3be8-4650-91ce-41aa14456559,pending_new,,,,3,143.25,143.99025,141.7695,,,OPEN,Paper SELL bracket order submitted. client_order_id=scanner-PLTR-SELL-1432500-3,2026-03-27T14:30:01.503294+00:00,143.25,143.99025,141.7695,97.0,,,,,
2026-03-27T14:30:01.503294+00:00,OPEN,MSFT,Microsoft,core_one,ALPACA_PAPER,ALPACA,8a1e306b-a933-488e-a009-24396496124e,8a1e306b-a933-488e-a009-24396496124e,pending_new,,,,1,358.45,359.7065,355.937,,,OPEN,Paper SELL bracket order submitted. client_order_id=scanner-MSFT-SELL-3584500-1,2026-03-27T14:30:01.503294+00:00,358.45,359.7065,355.937,93.0,,,,,
2026-03-27T14:30:11.793816+00:00,TARGET_HIT,QBTS,D-Wave Quantum,fourth,ALPACA_PAPER,ALPACA,5f9fb021-3ad6-41f1-9800-f787cb79813a,5f9fb021-3ad6-41f1-9800-f787cb79813a,filled,35.0,13.96,f342b5a0-1c3e-4595-950f-9d36eb3754f6,35,14.12,14.200499999999998,13.959,13.96,TARGET_HIT,CLOSED,Paper trade exit synced from Alpaca. exit_event=TARGET_HIT,2026-03-27T14:20:00.939825+00:00,14.12,14.200499999999998,13.959,70.0,,,,,
2026-03-27T14:40:01.526477+00:00,OPEN,AMZN,Amazon,core_two,ALPACA_PAPER,ALPACA,a06eb49c-e0a7-4264-80d8-1717159345a7,a06eb49c-e0a7-4264-80d8-1717159345a7,pending_new,,,,2,201.12,202.2995,198.761,,,OPEN,Paper SELL bracket order submitted. client_order_id=scanner-AMZN-SELL-2011200-2,2026-03-27T14:40:01.526477+00:00,201.12,202.2995,198.761,100.0,,,,,
2026-03-27T14:40:01.526477+00:00,OPEN,AVGO,Broadcom,core_two,ALPACA_PAPER,ALPACA,3bb7ad08-002b-4f24-afcb-0ec976a44c85,3bb7ad08-002b-4f24-afcb-0ec976a44c85,pending_new,,,,1,302.75,304.15700000000004,299.936,,,OPEN,Paper SELL bracket order submitted. client_order_id=scanner-AVGO-SELL-3027500-1,2026-03-27T14:40:01.526477+00:00,302.75,304.15700000000004,299.936,91.0,,,,,
2026-03-27T14:45:04.828711+00:00,STOP_HIT,MSFT,Microsoft,core_one,ALPACA_PAPER,ALPACA,8a1e306b-a933-488e-a009-24396496124e,8a1e306b-a933-488e-a009-24396496124e,filled,1.0,359.69,6ad9c994-108f-4fa2-9f95-71c6b216aafa,1,358.45,359.7065,355.937,359.69,STOP_HIT,CLOSED,Paper trade exit synced from Alpaca. exit_event=STOP_HIT,2026-03-27T14:30:01.503294+00:00,358.45,359.7065,355.937,93.0,,,,,
2026-03-27T14:50:01.533648+00:00,OPEN,SOFI,SoFi,primary,ALPACA_PAPER,ALPACA,f991d1b3-2b3b-4378-aa3e-facd51adc862,f991d1b3-2b3b-4378-aa3e-facd51adc862,pending_new,,,,32,15.41,15.4975,15.235,,,OPEN,Paper SELL bracket order submitted. client_order_id=scanner-SOFI-SELL-154100-32,2026-03-27T14:50:01.533648+00:00,15.41,15.4975,15.235,91.0,,,,,
2026-03-27T14:50:01.533648+00:00,OPEN,NIO,NIO,primary,ALPACA_PAPER,ALPACA,247f9872-9381-4a9d-a522-834dbe928511,247f9872-9381-4a9d-a522-834dbe928511,pending_new,,,,91,5.45,5.478,5.394,,,OPEN,Paper SELL bracket order submitted. client_order_id=scanner-NIO-SELL-54500-91,2026-03-27T14:50:01.533648+00:00,5.45,5.478,5.394,91.0,,,,,
2026-03-27T14:50:01.533648+00:00,OPEN,HIMS,Hims & Hers,primary,ALPACA_PAPER,ALPACA,8fc682a3-1dde-4b4e-adea-21615a3d7693,8fc682a3-1dde-4b4e-adea-21615a3d7693,pending_new,,,,25,19.88,20.0165,19.607,,,OPEN,Paper SELL bracket order submitted. client_order_id=scanner-HIMS-SELL-198800-25,2026-03-27T14:50:01.533648+00:00,19.88,20.0165,19.607,99.0,,,,,
2026-03-27T14:50:01.533648+00:00,OPEN,JOBY,Joby Aviation,primary,ALPACA_PAPER,ALPACA,f70e4f92-9011-4638-a1b7-f5dd49bf3319,f70e4f92-9011-4638-a1b7-f5dd49bf3319,pending_new,,,,60,8.205,8.26275,8.089500000000001,,,OPEN,Paper SELL bracket order submitted. client_order_id=scanner-JOBY-SELL-82050-60,2026-03-27T14:50:01.533648+00:00,8.205,8.26275,8.089500000000001,89.0,,,,,
2026-03-27T14:50:10.864760+00:00,STOP_HIT,NVDA,NVIDIA,core_one,ALPACA_PAPER,ALPACA,20bbe0c4-b9b7-4475-bb0f-e14d523512a9,20bbe0c4-b9b7-4475-bb0f-e14d523512a9,filled,2.0,168.605,aea76e86-9341-44fa-ac9d-b77835fe1028,2,167.94,168.59799999999998,166.624,168.605,STOP_HIT,CLOSED,Paper trade exit synced from Alpaca. exit_event=STOP_HIT,2026-03-27T14:30:01.503294+00:00,167.94,168.59799999999998,166.624,103.0,,,,,
2026-03-27T14:50:11.419363+00:00,STOP_HIT,TSLA,Tesla,core_one,ALPACA_PAPER,ALPACA,99c15394-61d0-44f0-b8a3-e307b565489f,99c15394-61d0-44f0-b8a3-e307b565489f,filled,1.0,365.37,9dc91e9f-8459-456e-9901-20b58c98301e,1,363.155,365.3495,358.76599999999996,365.37,STOP_HIT,CLOSED,Paper trade exit synced from Alpaca. exit_event=STOP_HIT,2026-03-27T14:30:01.503294+00:00,363.155,365.3495,358.76599999999996,94.0,,,,,
2026-03-27T14:50:12.803032+00:00,STOP_HIT,AVGO,Broadcom,core_two,ALPACA_PAPER,ALPACA,3bb7ad08-002b-4f24-afcb-0ec976a44c85,3bb7ad08-002b-4f24-afcb-0ec976a44c85,filled,1.0,304.2,d85b2ab4-db8f-422d-b906-84bcf9e702ec,1,302.75,304.15700000000004,299.936,304.2,STOP_HIT,CLOSED,Paper trade exit synced from Alpaca. exit_event=STOP_HIT,2026-03-27T14:40:01.526477+00:00,302.75,304.15700000000004,299.936,91.0,,,,,
2026-03-27T14:55:03.961781+00:00,STOP_HIT,PLTR,Palantir,core_one,ALPACA_PAPER,ALPACA,68f95315-3be8-4650-91ce-41aa14456559,68f95315-3be8-4650-91ce-41aa14456559,filled,3.0,143.96,5ad896ee-a7dc-4449-9bcb-27cda161425d,3,143.25,143.99025,141.7695,143.96,STOP_HIT,CLOSED,Paper trade exit synced from Alpaca. exit_event=STOP_HIT,2026-03-27T14:30:01.503294+00:00,143.25,143.99025,141.7695,97.0,,,,,
2026-03-27T14:55:04.844003+00:00,STOP_HIT,SOFI,SoFi,primary,ALPACA_PAPER,ALPACA,f991d1b3-2b3b-4378-aa3e-facd51adc862,f991d1b3-2b3b-4378-aa3e-facd51adc862,filled,32.0,15.5025,b75422b3-21e1-47b6-b5c0-1d434163cedf,32,15.41,15.4975,15.235,15.5025,STOP_HIT,CLOSED,Paper trade exit synced from Alpaca. exit_event=STOP_HIT,2026-03-27T14:50:01.533648+00:00,15.41,15.4975,15.235,91.0,,,,,
2026-03-27T14:55:05.454020+00:00,STOP_HIT,NIO,NIO,primary,ALPACA_PAPER,ALPACA,247f9872-9381-4a9d-a522-834dbe928511,247f9872-9381-4a9d-a522-834dbe928511,filled,91.0,5.48,71ba9062-bc6c-4991-a75e-6d8b2fc32b06,91,5.45,5.478,5.394,5.48,STOP_HIT,CLOSED,Paper trade exit synced from Alpaca. exit_event=STOP_HIT,2026-03-27T14:50:01.533648+00:00,5.45,5.478,5.394,91.0,,,,,
2026-03-27T15:00:01.509428+00:00,OPEN,ACHR,Archer Aviation,secondary,ALPACA_PAPER,ALPACA,8c5d1096-4c31-4134-a459-d8d9f4cb3434,8c5d1096-4c31-4134-a459-d8d9f4cb3434,pending_new,,,,96,5.185,5.2147499999999996,5.1255,,,OPEN,Paper SELL bracket order submitted. client_order_id=scanner-ACHR-SELL-51850-96,2026-03-27T15:00:01.509428+00:00,5.185,5.2147499999999996,5.1255,98.0,,,,,
2026-03-27T15:00:01.509428+00:00,OPEN,QS,QuantumScape,secondary,ALPACA_PAPER,ALPACA,74c3e15b-02ae-439f-8c85-35708a4d4770,74c3e15b-02ae-439f-8c85-35708a4d4770,pending_new,,,,79,6.31,6.337999999999999,6.254,,,OPEN,Paper SELL bracket order submitted. client_order_id=scanner-QS-SELL-63100-79,2026-03-27T15:00:01.509428+00:00,6.31,6.337999999999999,6.254,97.0,,,,,
2026-03-27T15:10:00.837675+00:00,OPEN,RKLB,Rocket Lab,third,ALPACA_PAPER,ALPACA,b8d9a0a4-657c-430f-ab38-6dbe3e7247e3,b8d9a0a4-657c-430f-ab38-6dbe3e7247e3,pending_new,,,,8,62.03,62.589999999999996,60.910000000000004,,,OPEN,Paper SELL bracket order submitted. client_order_id=scanner-RKLB-SELL-620300-8,2026-03-27T15:10:00.837675+00:00,62.03,62.589999999999996,60.910000000000004,70.0,,,,,
2026-03-27T15:10:00.837675+00:00,OPEN,BBAI,BigBear.ai,third,ALPACA_PAPER,ALPACA,6ce39db5-82eb-46a2-a657-3f114a9f50f5,6ce39db5-82eb-46a2-a657-3f114a9f50f5,pending_new,,,,155,3.225,3.239,3.1970000000000005,,,OPEN,Paper SELL bracket order submitted. client_order_id=scanner-BBAI-SELL-32250-155,2026-03-27T15:10:00.837675+00:00,3.225,3.239,3.1970000000000005,93.0,,,,,
2026-03-27T15:10:09.536840+00:00,STOP_HIT,JOBY,Joby Aviation,primary,ALPACA_PAPER,ALPACA,f70e4f92-9011-4638-a1b7-f5dd49bf3319,f70e4f92-9011-4638-a1b7-f5dd49bf3319,filled,60.0,8.27,c7ec4b74-11aa-450b-8a4d-d7e725d346cd,60,8.205,8.26275,8.089500000000001,8.27,STOP_HIT,CLOSED,Paper trade exit synced from Alpaca. exit_event=STOP_HIT,2026-03-27T14:50:01.533648+00:00,8.205,8.26275,8.089500000000001,89.0,,,,,
2026-03-27T15:20:01.726319+00:00,OPEN,QBTS,D-Wave Quantum,fourth,ALPACA_PAPER,ALPACA,149a850d-eba7-4fe4-8198-657e41425ea0,149a850d-eba7-4fe4-8198-657e41425ea0,pending_new,,,,35,14.035,14.115499999999999,13.874,,,OPEN,Paper SELL bracket order submitted. client_order_id=scanner-QBTS-SELL-140350-35,2026-03-27T15:20:01.726319+00:00,14.035,14.115499999999999,13.874,70.0,,,,,
2026-03-27T15:20:10.883551+00:00,TARGET_HIT,BBAI,BigBear.ai,third,ALPACA_PAPER,ALPACA,6ce39db5-82eb-46a2-a657-3f114a9f50f5,6ce39db5-82eb-46a2-a657-3f114a9f50f5,filled,155.0,3.2,99afba7e-a363-453f-831f-10d7bd71ab35,155,3.225,3.239,3.1970000000000005,3.2,TARGET_HIT,CLOSED,Paper trade exit synced from Alpaca. exit_event=TARGET_HIT,2026-03-27T15:10:00.837675+00:00,3.225,3.239,3.1970000000000005,93.0,,,,,
2026-03-27T15:25:03.751483+00:00,STOP_HIT,AMD,AMD,core_one,ALPACA_PAPER,ALPACA,796b8f9a-ff4a-499e-be8e-0805037f6157,796b8f9a-ff4a-499e-be8e-0805037f6157,filled,2.0,200.035,ba32f998-cef3-4688-b29f-e4220d858831,2,199.05,199.9635,197.223,200.035,STOP_HIT,CLOSED,Paper trade exit synced from Alpaca. exit_event=STOP_HIT,2026-03-27T14:30:01.503294+00:00,199.05,199.9635,197.223,101.0,,,,,
2026-03-27T15:25:04.865527+00:00,STOP_HIT,ACHR,Archer Aviation,secondary,ALPACA_PAPER,ALPACA,8c5d1096-4c31-4134-a459-d8d9f4cb3434,8c5d1096-4c31-4134-a459-d8d9f4cb3434,filled,96.0,5.21,a3dec79d-3cdc-4355-865e-430b9c598ea5,96,5.185,5.2147499999999996,5.1255,5.21,STOP_HIT,CLOSED,Paper trade exit synced from Alpaca. exit_event=STOP_HIT,2026-03-27T15:00:01.509428+00:00,5.185,5.2147499999999996,5.1255,98.0,,,,,
2026-03-27T15:25:05.485682+00:00,TARGET_HIT,QS,QuantumScape,secondary,ALPACA_PAPER,ALPACA,74c3e15b-02ae-439f-8c85-35708a4d4770,74c3e15b-02ae-439f-8c85-35708a4d4770,filled,79.0,6.25,6030c01f-b734-4e70-9f74-0682e7f7d07f,79,6.31,6.337999999999999,6.254,6.25,TARGET_HIT,CLOSED,Paper trade exit synced from Alpaca. exit_event=TARGET_HIT,2026-03-27T15:00:01.509428+00:00,6.31,6.337999999999999,6.254,97.0,,,,,
2026-03-27T15:25:06.361773+00:00,STOP_HIT,QBTS,D-Wave Quantum,fourth,ALPACA_PAPER,ALPACA,149a850d-eba7-4fe4-8198-657e41425ea0,149a850d-eba7-4fe4-8198-657e41425ea0,filled,35.0,14.128,5261ef2a-e49c-4130-b977-e4dd04e2a4a7,35,14.035,14.115499999999999,13.874,14.128,STOP_HIT,CLOSED,Paper trade exit synced from Alpaca. exit_event=STOP_HIT,2026-03-27T15:20:01.726319+00:00,14.035,14.115499999999999,13.874,70.0,,,,,
2026-03-27T15:30:00.934981+00:00,OPEN,AAPL,Apple,core_one,ALPACA_PAPER,ALPACA,a6da8255-0ea1-41fc-bbaa-ca40b070d150,a6da8255-0ea1-41fc-bbaa-ca40b070d150,pending_new,,,,1,252.63,253.40525,251.0795,,,OPEN,Paper SELL bracket order submitted. client_order_id=scanner-AAPL-SELL-2526300-1,2026-03-27T15:30:00.934981+00:00,252.63,253.40525,251.0795,100.0,,,,,
2026-03-27T15:35:03.681152+00:00,STOP_HIT,GRAB,Grab,secondary,ALPACA_PAPER,ALPACA,812a8568-bc0b-4596-af8b-aa6908c2e8e5,812a8568-bc0b-4596-af8b-aa6908c2e8e5,filled,140.0,3.6,353d7627-21c1-43f4-932f-756f744e4f1a,140,3.565,3.5965000000000003,3.502,3.6,STOP_HIT,CLOSED,Paper trade exit synced from Alpaca. exit_event=STOP_HIT,2026-03-27T14:00:01.569351+00:00,3.565,3.5965000000000003,3.502,99.0,,,,,
2026-03-27T15:35:04.541617+00:00,STOP_HIT,IONQ,IonQ,fourth,ALPACA_PAPER,ALPACA,a54b4c5c-f4bc-4550-9fb4-70d1dc3327a7,a54b4c5c-f4bc-4550-9fb4-70d1dc3327a7,filled,17.0,28.7,52588b76-4976-4033-b929-d68327a2ab75,17,28.49,28.657999999999998,28.154,28.7,STOP_HIT,CLOSED,Paper trade exit synced from Alpaca. exit_event=STOP_HIT,2026-03-27T14:20:00.939825+00:00,28.49,28.657999999999998,28.154,70.0,,,,,
2026-03-27T15:35:05.645246+00:00,STOP_HIT,RKLB,Rocket Lab,third,ALPACA_PAPER,ALPACA,b8d9a0a4-657c-430f-ab38-6dbe3e7247e3,b8d9a0a4-657c-430f-ab38-6dbe3e7247e3,filled,8.0,62.61,d1581b5b-9e3a-4544-aa1f-8e447d838675,8,62.03,62.589999999999996,60.910000000000004,62.61,STOP_HIT,CLOSED,Paper trade exit synced from Alpaca. exit_event=STOP_HIT,2026-03-27T15:10:00.837675+00:00,62.03,62.589999999999996,60.910000000000004,70.0,,,,,
2026-03-27T15:40:01.594074+00:00,OPEN,MU,Micron,core_two,ALPACA_PAPER,ALPACA,95a06e10-c13c-4abd-aa2a-fe440ef263fc,95a06e10-c13c-4abd-aa2a-fe440ef263fc,pending_new,,,,1,366.11,362.51375,373.3025,,,OPEN,Paper BUY bracket order submitted. client_order_id=scanner-MU-BUY-3661100-1,2026-03-27T15:40:01.594074+00:00,366.11,362.51375,373.3025,80.0,,,,,
2026-03-27T15:50:01.468660+00:00,OPEN,JOBY,Joby Aviation,primary,ALPACA_PAPER,ALPACA,6b26af64-87af-4f8c-9242-4885cbd075e8,6b26af64-87af-4f8c-9242-4885cbd075e8,pending_new,,,,61,8.19,8.24775,8.0745,,,OPEN,Paper SELL bracket order submitted. client_order_id=scanner-JOBY-SELL-81900-61,2026-03-27T15:50:01.468660+00:00,8.19,8.24775,8.0745,80.0,,,,,
2026-03-27T16:00:01.475879+00:00,OPEN,ACHR,Archer Aviation,secondary,ALPACA_PAPER,ALPACA,baeddef2-67c6-44e7-9f26-fc0d46587b52,baeddef2-67c6-44e7-9f26-fc0d46587b52,pending_new,,,,96,5.2,5.22975,5.1405,,,OPEN,Paper SELL bracket order submitted. client_order_id=scanner-ACHR-SELL-52000-96,2026-03-27T16:00:01.475879+00:00,5.2,5.22975,5.1405,70.0,,,,,
2026-03-27T16:10:01.496766+00:00,OPEN,RKLB,Rocket Lab,third,ALPACA_PAPER,ALPACA,a59aa13b-3761-4d5a-9321-af94f2b77368,a59aa13b-3761-4d5a-9321-af94f2b77368,pending_new,,,,8,61.84,62.4,60.720000000000006,,,OPEN,Paper SELL bracket order submitted. client_order_id=scanner-RKLB-SELL-618400-8,2026-03-27T16:10:01.496766+00:00,61.84,62.4,60.720000000000006,70.0,,,,,
2026-03-27T16:15:03.841302+00:00,TARGET_HIT,HIMS,Hims & Hers,primary,ALPACA_PAPER,ALPACA,8fc682a3-1dde-4b4e-adea-21615a3d7693,8fc682a3-1dde-4b4e-adea-21615a3d7693,filled,25.0,19.61,f7ae0d62-6217-4202-bffc-927dc97f3061,25,19.88,20.0165,19.607,19.61,TARGET_HIT,CLOSED,Paper trade exit synced from Alpaca. exit_event=TARGET_HIT,2026-03-27T14:50:01.533648+00:00,19.88,20.0165,19.607,99.0,,,,,
2026-03-27T16:20:01.540060+00:00,OPEN,QBTS,D-Wave Quantum,fourth,ALPACA_PAPER,ALPACA,3974b1ca-9b6b-43f1-9845-4e4944a77af9,3974b1ca-9b6b-43f1-9845-4e4944a77af9,pending_new,,,,35,14.155,14.235499999999998,13.994,,,OPEN,Paper SELL bracket order submitted. client_order_id=scanner-QBTS-SELL-141550-35,2026-03-27T16:20:01.540060+00:00,14.155,14.235499999999998,13.994,70.0,,,,,
2026-03-27T16:20:01.540060+00:00,OPEN,IONQ,IonQ,fourth,ALPACA_PAPER,ALPACA,87cb299c-1d4a-448d-990e-3086cb4dd7df,87cb299c-1d4a-448d-990e-3086cb4dd7df,pending_new,,,,17,28.5,28.668,28.164,,,OPEN,Paper SELL bracket order submitted. client_order_id=scanner-IONQ-SELL-285000-17,2026-03-27T16:20:01.540060+00:00,28.5,28.668,28.164,70.0,,,,,
2026-03-27T16:30:01.612954+00:00,OPEN,NVDA,NVIDIA,core_one,ALPACA_PAPER,ALPACA,dd47e46f-10be-4bf2-ad16-1d2a42389a92,dd47e46f-10be-4bf2-ad16-1d2a42389a92,pending_new,,,,2,168.815,169.47299999999998,167.499,,,OPEN,Paper SELL bracket order submitted. client_order_id=scanner-NVDA-SELL-1688150-2,2026-03-27T16:30:01.612954+00:00,168.815,169.47299999999998,167.499,89.0,,,,,
2026-03-27T16:30:01.612954+00:00,OPEN,PLTR,Palantir,core_one,ALPACA_PAPER,ALPACA,b5cdf892-fed8-4144-b8f0-bc6d1a1282c0,b5cdf892-fed8-4144-b8f0-bc6d1a1282c0,pending_new,,,,3,143.69,144.43025,142.2095,,,OPEN,Paper SELL bracket order submitted. client_order_id=scanner-PLTR-SELL-1436900-3,2026-03-27T16:30:01.612954+00:00,143.69,144.43025,142.2095,90.0,,,,,
2026-03-27T16:40:01.577501+00:00,OPEN,AVGO,Broadcom,core_two,ALPACA_PAPER,ALPACA,7f9d7d6a-96dc-48ab-b8a9-644298d2697b,7f9d7d6a-96dc-48ab-b8a9-644298d2697b,pending_new,,,,1,300.685,302.09200000000004,297.871,,,OPEN,Paper SELL bracket order submitted. client_order_id=scanner-AVGO-SELL-3006850-1,2026-03-27T16:40:01.577501+00:00,300.685,302.09200000000004,297.871,80.0,,,,,
2026-03-27T16:40:09.585248+00:00,TARGET_HIT,IONQ,IonQ,fourth,ALPACA_PAPER,ALPACA,87cb299c-1d4a-448d-990e-3086cb4dd7df,87cb299c-1d4a-448d-990e-3086cb4dd7df,filled,17.0,28.16,6bbb64fd-43fd-42b1-a10d-dc9a27b3f70e,17,28.5,28.668,28.164,28.16,TARGET_HIT,CLOSED,Paper trade exit synced from Alpaca. exit_event=TARGET_HIT,2026-03-27T16:20:01.540060+00:00,28.5,28.668,28.164,70.0,,,,,
2026-03-27T16:45:04.826809+00:00,TARGET_HIT,QBTS,D-Wave Quantum,fourth,ALPACA_PAPER,ALPACA,3974b1ca-9b6b-43f1-9845-4e4944a77af9,3974b1ca-9b6b-43f1-9845-4e4944a77af9,filled,35.0,13.99,9cda92a8-0941-40a8-bdb5-754bed4961df,35,14.155,14.235499999999998,13.994,13.99,TARGET_HIT,CLOSED,Paper trade exit synced from Alpaca. exit_event=TARGET_HIT,2026-03-27T16:20:01.540060+00:00,14.155,14.235499999999998,13.994,70.0,,,,,
2026-03-27T16:50:01.567138+00:00,OPEN,RIVN,Rivian,primary,ALPACA_PAPER,ALPACA,da96a2a8-3a59-47b1-936b-dc104352bb8c,da96a2a8-3a59-47b1-936b-dc104352bb8c,pending_new,,,,33,14.96,15.023000000000001,14.834000000000001,,,OPEN,Paper SELL bracket order submitted. client_order_id=scanner-RIVN-SELL-149600-33,2026-03-27T16:50:01.567138+00:00,14.96,15.023000000000001,14.834000000000001,83.0,,,,,
2026-03-27T16:50:01.567138+00:00,OPEN,SOFI,SoFi,primary,ALPACA_PAPER,ALPACA,5765e1a8-b241-425d-9dbd-3e18349f7706,5765e1a8-b241-425d-9dbd-3e18349f7706,pending_new,,,,32,15.4,15.4875,15.225,,,OPEN,Paper SELL bracket order submitted. client_order_id=scanner-SOFI-SELL-154000-32,2026-03-27T16:50:01.567138+00:00,15.4,15.4875,15.225,90.0,,,,,
2026-03-27T16:50:01.567138+00:00,OPEN,NIO,NIO,primary,ALPACA_PAPER,ALPACA,c8dba774-d985-4695-9aa8-538a35baa019,c8dba774-d985-4695-9aa8-538a35baa019,pending_new,,,,91,5.44,5.468,5.384,,,OPEN,Paper SELL bracket order submitted. client_order_id=scanner-NIO-SELL-54400-91,2026-03-27T16:50:01.567138+00:00,5.44,5.468,5.384,80.0,,,,,
2026-03-27T16:50:01.567138+00:00,OPEN,HIMS,Hims & Hers,primary,ALPACA_PAPER,ALPACA,5eb68ce4-3aff-4f04-a314-6990f7ce964c,5eb68ce4-3aff-4f04-a314-6990f7ce964c,pending_new,,,,25,19.55,19.686500000000002,19.277,,,OPEN,Paper SELL bracket order submitted. client_order_id=scanner-HIMS-SELL-195500-25,2026-03-27T16:50:01.567138+00:00,19.55,19.686500000000002,19.277,80.0,,,,,
2026-03-27T16:50:12.466439+00:00,STOP_HIT,AVGO,Broadcom,core_two,ALPACA_PAPER,ALPACA,7f9d7d6a-96dc-48ab-b8a9-644298d2697b,7f9d7d6a-96dc-48ab-b8a9-644298d2697b,filled,1.0,302.1,ba02dbcf-9cd2-4c75-8978-3613b1a416db,1,300.685,302.09200000000004,297.871,302.1,STOP_HIT,CLOSED,Paper trade exit synced from Alpaca. exit_event=STOP_HIT,2026-03-27T16:40:01.577501+00:00,300.685,302.09200000000004,297.871,80.0,,,,,
2026-03-27T17:00:13.139943+00:00,STOP_HIT,HIMS,Hims & Hers,primary,ALPACA_PAPER,ALPACA,5eb68ce4-3aff-4f04-a314-6990f7ce964c,5eb68ce4-3aff-4f04-a314-6990f7ce964c,filled,25.0,19.7456,7f06ce50-b42a-4f92-89b6-5f5c217a0ac1,25,19.55,19.686500000000002,19.277,19.7456,STOP_HIT,CLOSED,Paper trade exit synced from Alpaca. exit_event=STOP_HIT,2026-03-27T16:50:01.567138+00:00,19.55,19.686500000000002,19.277,80.0,,,,,
2026-03-27T17:05:03.634820+00:00,TARGET_HIT,ACHR,Archer Aviation,secondary,ALPACA_PAPER,ALPACA,baeddef2-67c6-44e7-9f26-fc0d46587b52,baeddef2-67c6-44e7-9f26-fc0d46587b52,filled,96.0,5.14,84a74d3d-c029-4b92-8856-7a4eaa093726,96,5.2,5.22975,5.1405,5.14,TARGET_HIT,CLOSED,Paper trade exit synced from Alpaca. exit_event=TARGET_HIT,2026-03-27T16:00:01.475879+00:00,5.2,5.22975,5.1405,70.0,,,,,
2026-03-27T17:20:00.949657+00:00,OPEN,QBTS,D-Wave Quantum,fourth,ALPACA_PAPER,ALPACA,6fe01937-3a60-4ae9-be9a-79ffdf49d1e4,6fe01937-3a60-4ae9-be9a-79ffdf49d1e4,pending_new,,,,36,13.87,13.950499999999998,13.709,,,OPEN,Paper SELL bracket order submitted. client_order_id=scanner-QBTS-SELL-138700-36,2026-03-27T17:20:00.949657+00:00,13.87,13.950499999999998,13.709,70.0,,,,,
2026-03-27T17:20:00.949657+00:00,OPEN,IONQ,IonQ,fourth,ALPACA_PAPER,ALPACA,50e26b83-d4cd-4559-838a-07037ec18cb2,50e26b83-d4cd-4559-838a-07037ec18cb2,pending_new,,,,17,27.94,28.108,27.604000000000003,,,OPEN,Paper SELL bracket order submitted. client_order_id=scanner-IONQ-SELL-279400-17,2026-03-27T17:20:00.949657+00:00,27.94,28.108,27.604000000000003,70.0,,,,,
2026-03-27T17:20:08.801063+00:00,STOP_HIT,MU,Micron,core_two,ALPACA_PAPER,ALPACA,95a06e10-c13c-4abd-aa2a-fe440ef263fc,95a06e10-c13c-4abd-aa2a-fe440ef263fc,filled,1.0,362.51,d8e28b7b-1c43-47f2-b13a-3aca2463f122,1,366.11,362.51375,373.3025,362.51,STOP_HIT,CLOSED,Paper trade exit synced from Alpaca. exit_event=STOP_HIT,2026-03-27T15:40:01.594074+00:00,366.11,362.51375,373.3025,80.0,,,,,
2026-03-27T17:25:02.889322+00:00,TARGET_HIT,AAPL,Apple,core_one,ALPACA_PAPER,ALPACA,a6da8255-0ea1-41fc-bbaa-ca40b070d150,a6da8255-0ea1-41fc-bbaa-ca40b070d150,filled,1.0,251.07,4d1c44d1-ec6b-4994-950d-e4c7a285326c,1,252.63,253.40525,251.0795,251.07,TARGET_HIT,CLOSED,Paper trade exit synced from Alpaca. exit_event=TARGET_HIT,2026-03-27T15:30:00.934981+00:00,252.63,253.40525,251.0795,100.0,,,,,
2026-03-27T17:25:03.525281+00:00,TARGET_HIT,JOBY,Joby Aviation,primary,ALPACA_PAPER,ALPACA,6b26af64-87af-4f8c-9242-4885cbd075e8,6b26af64-87af-4f8c-9242-4885cbd075e8,filled,61.0,8.07,26068c80-0276-4342-9329-5f45ada320fb,61,8.19,8.24775,8.0745,8.07,TARGET_HIT,CLOSED,Paper trade exit synced from Alpaca. exit_event=TARGET_HIT,2026-03-27T15:50:01.468660+00:00,8.19,8.24775,8.0745,80.0,,,,,
2026-03-27T17:30:01.600702+00:00,OPEN,TSLA,Tesla,core_one,ALPACA_PAPER,ALPACA,72b0a1e0-d79a-4f2e-97b0-247bd4c91cce,72b0a1e0-d79a-4f2e-97b0-247bd4c91cce,pending_new,,,,1,362.235,364.4295,357.846,,,OPEN,Paper SELL bracket order submitted. client_order_id=scanner-TSLA-SELL-3622350-1,2026-03-27T17:30:01.600702+00:00,362.235,364.4295,357.846,86.0,,,,,
2026-03-27T17:30:01.600702+00:00,OPEN,AAPL,Apple,core_one,ALPACA_PAPER,ALPACA,f75b0111-a549-42ae-b3f4-1c0462382849,f75b0111-a549-42ae-b3f4-1c0462382849,pending_new,,,,1,250.54,251.31525,248.9895,,,OPEN,Paper SELL bracket order submitted. client_order_id=scanner-AAPL-SELL-2505400-1,2026-03-27T17:30:01.600702+00:00,250.54,251.31525,248.9895,100.0,,,,,
2026-03-27T17:30:09.925834+00:00,TARGET_HIT,RIVN,Rivian,primary,ALPACA_PAPER,ALPACA,da96a2a8-3a59-47b1-936b-dc104352bb8c,da96a2a8-3a59-47b1-936b-dc104352bb8c,filled,23.0,14.83,5fd52805-d911-4d22-ae35-1ffba914715a,33,14.96,15.023000000000001,14.834000000000001,14.83,TARGET_HIT,CLOSED,Paper trade exit synced from Alpaca. exit_event=TARGET_HIT,2026-03-27T16:50:01.567138+00:00,14.96,15.023000000000001,14.834000000000001,83.0,,,,,
2026-03-27T17:30:10.760576+00:00,TARGET_HIT,NIO,NIO,primary,ALPACA_PAPER,ALPACA,c8dba774-d985-4695-9aa8-538a35baa019,c8dba774-d985-4695-9aa8-538a35baa019,filled,91.0,5.38,9a781d63-494d-44b1-9f92-325dc16ba87b,91,5.44,5.468,5.384,5.38,TARGET_HIT,CLOSED,Paper trade exit synced from Alpaca. exit_event=TARGET_HIT,2026-03-27T16:50:01.567138+00:00,5.44,5.468,5.384,80.0,,,,,
2026-03-27T17:40:00.935799+00:00,OPEN,GOOGL,Alphabet,core_two,ALPACA_PAPER,ALPACA,99ffefa4-e5f8-4545-b88e-b956fb02203c,99ffefa4-e5f8-4545-b88e-b956fb02203c,pending_new,,,,1,274.76,276.0375,272.205,,,OPEN,Paper SELL bracket order submitted. client_order_id=scanner-GOOGL-SELL-2747600-1,2026-03-27T17:40:00.935799+00:00,274.76,276.0375,272.205,90.0,,,,,
2026-03-27T17:40:00.935799+00:00,OPEN,AVGO,Broadcom,core_two,ALPACA_PAPER,ALPACA,b06a58bc-cf5f-4662-ad0a-8cdbc5a1d41c,b06a58bc-cf5f-4662-ad0a-8cdbc5a1d41c,pending_new,,,,1,300.38,301.78700000000003,297.566,,,OPEN,Paper SELL bracket order submitted. client_order_id=scanner-AVGO-SELL-3003800-1,2026-03-27T17:40:00.935799+00:00,300.38,301.78700000000003,297.566,80.0,,,,,
2026-03-27T17:45:04.269832+00:00,TARGET_HIT,SOFI,SoFi,primary,ALPACA_PAPER,ALPACA,5765e1a8-b241-425d-9dbd-3e18349f7706,5765e1a8-b241-425d-9dbd-3e18349f7706,filled,32.0,15.22,e5e9c7bf-89cb-4e7e-8354-4ce81dc26243,32,15.4,15.4875,15.225,15.22,TARGET_HIT,CLOSED,Paper trade exit synced from Alpaca. exit_event=TARGET_HIT,2026-03-27T16:50:01.567138+00:00,15.4,15.4875,15.225,90.0,,,,,
2026-03-27T17:50:01.546774+00:00,OPEN,RIVN,Rivian,primary,ALPACA_PAPER,ALPACA,c9766d1a-c0a2-42ed-b38c-343f98fc0bfe,c9766d1a-c0a2-42ed-b38c-343f98fc0bfe,pending_new,,,,33,14.795,14.858,14.669,,,OPEN,Paper SELL bracket order submitted. client_order_id=scanner-RIVN-SELL-147950-33,2026-03-27T17:50:01.546774+00:00,14.795,14.858,14.669,100.0,,,,,
2026-03-27T17:50:01.546774+00:00,OPEN,SOFI,SoFi,primary,ALPACA_PAPER,ALPACA,8ae3e3bb-e6b8-4a30-a0b0-7fa38279dbc7,8ae3e3bb-e6b8-4a30-a0b0-7fa38279dbc7,pending_new,,,,32,15.21,15.297500000000001,15.035,,,OPEN,Paper SELL bracket order submitted. client_order_id=scanner-SOFI-SELL-152100-32,2026-03-27T17:50:01.546774+00:00,15.21,15.297500000000001,15.035,90.0,,,,,
2026-03-27T17:50:01.546774+00:00,OPEN,NIO,NIO,primary,ALPACA_PAPER,ALPACA,3b43534e-99e8-4819-aba8-c62e5a087dd1,3b43534e-99e8-4819-aba8-c62e5a087dd1,pending_new,,,,93,5.375,5.403,5.319,,,OPEN,Paper SELL bracket order submitted. client_order_id=scanner-NIO-SELL-53750-93,2026-03-27T17:50:01.546774+00:00,5.375,5.403,5.319,80.0,,,,,
2026-03-27T17:50:01.546774+00:00,OPEN,HIMS,Hims & Hers,primary,ALPACA_PAPER,ALPACA,e1c99629-c32f-4912-a9c6-f602bfbf85f9,e1c99629-c32f-4912-a9c6-f602bfbf85f9,pending_new,,,,25,19.41,19.5465,19.137,,,OPEN,Paper SELL bracket order submitted. client_order_id=scanner-HIMS-SELL-194100-25,2026-03-27T17:50:01.546774+00:00,19.41,19.5465,19.137,80.0,,,,,
2026-03-27T17:50:01.546774+00:00,OPEN,JOBY,Joby Aviation,primary,ALPACA_PAPER,ALPACA,936c614b-c84f-4278-9f43-38c81f16d3c8,936c614b-c84f-4278-9f43-38c81f16d3c8,pending_new,,,,62,8.0,8.05775,7.884500000000001,,,OPEN,Paper SELL bracket order submitted. client_order_id=scanner-JOBY-SELL-80000-62,2026-03-27T17:50:01.546774+00:00,8.0,8.05775,7.884500000000001,80.0,,,,,
2026-03-27T17:50:12.140065+00:00,TARGET_HIT,RKLB,Rocket Lab,third,ALPACA_PAPER,ALPACA,a59aa13b-3761-4d5a-9321-af94f2b77368,a59aa13b-3761-4d5a-9321-af94f2b77368,filled,8.0,60.71,b009a491-149b-4587-8765-b1d934824f19,8,61.84,62.4,60.720000000000006,60.71,TARGET_HIT,CLOSED,Paper trade exit synced from Alpaca. exit_event=TARGET_HIT,2026-03-27T16:10:01.496766+00:00,61.84,62.4,60.720000000000006,70.0,,,,,
2026-03-27T18:00:01.444904+00:00,OPEN,ACHR,Archer Aviation,secondary,ALPACA_PAPER,ALPACA,68cb8b64-38b0-42d5-8d03-047bb824fbc8,68cb8b64-38b0-42d5-8d03-047bb824fbc8,pending_new,,,,98,5.075,5.10475,5.0155,,,OPEN,Paper SELL bracket order submitted. client_order_id=scanner-ACHR-SELL-50750-98,2026-03-27T18:00:01.444904+00:00,5.075,5.10475,5.0155,70.0,,,,,
2026-03-27T18:00:11.431561+00:00,TARGET_HIT,IONQ,IonQ,fourth,ALPACA_PAPER,ALPACA,50e26b83-d4cd-4559-838a-07037ec18cb2,50e26b83-d4cd-4559-838a-07037ec18cb2,filled,17.0,27.5982,64915800-d704-4960-b7fd-75356e9e8b99,17,27.94,28.108,27.604000000000003,27.5982,TARGET_HIT,CLOSED,Paper trade exit synced from Alpaca. exit_event=TARGET_HIT,2026-03-27T17:20:00.949657+00:00,27.94,28.108,27.604000000000003,70.0,,,,,
2026-03-27T18:05:06.574082+00:00,STOP_HIT,ACHR,Archer Aviation,secondary,ALPACA_PAPER,ALPACA,68cb8b64-38b0-42d5-8d03-047bb824fbc8,68cb8b64-38b0-42d5-8d03-047bb824fbc8,filled,98.0,5.1,76354bad-95c3-4dfd-8c2c-c456c9d96a26,98,5.075,5.10475,5.0155,5.1,STOP_HIT,CLOSED,Paper trade exit synced from Alpaca. exit_event=STOP_HIT,2026-03-27T18:00:01.444904+00:00,5.075,5.10475,5.0155,70.0,,,,,
2026-03-27T18:10:01.348784+00:00,OPEN,BITF,Bitfarms,third,ALPACA_PAPER,ALPACA,8a548fcc-503c-4fdf-bac9-2bb0bd566f82,8a548fcc-503c-4fdf-bac9-2bb0bd566f82,pending_new,,,,259,1.925,1.9460000000000002,1.883,,,OPEN,Paper SELL bracket order submitted. client_order_id=scanner-BITF-SELL-19250-259,2026-03-27T18:10:01.348784+00:00,1.925,1.9460000000000002,1.883,70.0,,,,,
2026-03-27T18:10:01.348784+00:00,OPEN,RKLB,Rocket Lab,third,ALPACA_PAPER,ALPACA,97f9b690-a423-4ebf-8841-a6896720c46a,97f9b690-a423-4ebf-8841-a6896720c46a,pending_new,,,,8,60.72,61.279999999999994,59.6,,,OPEN,Paper SELL bracket order submitted. client_order_id=scanner-RKLB-SELL-607200-8,2026-03-27T18:10:01.348784+00:00,60.72,61.279999999999994,59.6,70.0,,,,,
2026-03-27T18:10:10.465028+00:00,TARGET_HIT,AAPL,Apple,core_one,ALPACA_PAPER,ALPACA,f75b0111-a549-42ae-b3f4-1c0462382849,f75b0111-a549-42ae-b3f4-1c0462382849,filled,1.0,248.98,cf83582e-26a6-4f81-a323-3a57013b8092,1,250.54,251.31525,248.9895,248.98,TARGET_HIT,CLOSED,Paper trade exit synced from Alpaca. exit_event=TARGET_HIT,2026-03-27T17:30:01.600702+00:00,250.54,251.31525,248.9895,100.0,,,,,
2026-03-27T18:15:04.761023+00:00,STOP_HIT,AVGO,Broadcom,core_two,ALPACA_PAPER,ALPACA,b06a58bc-cf5f-4662-ad0a-8cdbc5a1d41c,b06a58bc-cf5f-4662-ad0a-8cdbc5a1d41c,filled,1.0,301.78,63a90279-d429-435b-acdd-443da844fa5f,1,300.38,301.78700000000003,297.566,301.78,STOP_HIT,CLOSED,Paper trade exit synced from Alpaca. exit_event=STOP_HIT,2026-03-27T17:40:00.935799+00:00,300.38,301.78700000000003,297.566,80.0,,,,,
2026-03-27T18:15:06.412605+00:00,STOP_HIT,JOBY,Joby Aviation,primary,ALPACA_PAPER,ALPACA,936c614b-c84f-4278-9f43-38c81f16d3c8,936c614b-c84f-4278-9f43-38c81f16d3c8,filled,62.0,8.06,9e6396ed-0373-48ce-8aa3-a1e062dfe5dd,62,8.0,8.05775,7.884500000000001,8.06,STOP_HIT,CLOSED,Paper trade exit synced from Alpaca. exit_event=STOP_HIT,2026-03-27T17:50:01.546774+00:00,8.0,8.05775,7.884500000000001,80.0,,,,,
2026-03-27T18:20:01.504748+00:00,OPEN,IONQ,IonQ,fourth,ALPACA_PAPER,ALPACA,1e4bc33d-9027-4ea1-98ce-79d3b9cf16a8,1e4bc33d-9027-4ea1-98ce-79d3b9cf16a8,pending_new,,,,18,27.7,27.868,27.364,,,OPEN,Paper SELL bracket order submitted. client_order_id=scanner-IONQ-SELL-277000-18,2026-03-27T18:20:01.504748+00:00,27.7,27.868,27.364,70.0,,,,,
2026-03-27T18:20:10.849562+00:00,STOP_HIT,SOFI,SoFi,primary,ALPACA_PAPER,ALPACA,8ae3e3bb-e6b8-4a30-a0b0-7fa38279dbc7,8ae3e3bb-e6b8-4a30-a0b0-7fa38279dbc7,filled,32.0,15.3,bf7348f2-db1a-4278-b42f-253f14183308,32,15.21,15.297500000000001,15.035,15.3,STOP_HIT,CLOSED,Paper trade exit synced from Alpaca. exit_event=STOP_HIT,2026-03-27T17:50:01.546774+00:00,15.21,15.297500000000001,15.035,90.0,,,,,
2026-03-27T18:30:01.531733+00:00,OPEN,AAPL,Apple,core_one,ALPACA_PAPER,ALPACA,db80d00a-5a7c-4e6c-bb5f-e461ba699223,db80d00a-5a7c-4e6c-bb5f-e461ba699223,pending_new,,,,2,249.36,250.13525,247.8095,,,OPEN,Paper SELL bracket order submitted. client_order_id=scanner-AAPL-SELL-2493600-2,2026-03-27T18:30:01.531733+00:00,249.36,250.13525,247.8095,100.0,,,,,
2026-03-27T18:35:04.410073+00:00,STOP_HIT,RIVN,Rivian,primary,ALPACA_PAPER,ALPACA,c9766d1a-c0a2-42ed-b38c-343f98fc0bfe,c9766d1a-c0a2-42ed-b38c-343f98fc0bfe,filled,33.0,14.86,4bc400c5-e49e-4548-90e1-682bb83780cf,33,14.795,14.858,14.669,14.86,STOP_HIT,CLOSED,Paper trade exit synced from Alpaca. exit_event=STOP_HIT,2026-03-27T17:50:01.546774+00:00,14.795,14.858,14.669,100.0,,,,,
2026-03-27T18:35:05.560769+00:00,STOP_HIT,BITF,Bitfarms,third,ALPACA_PAPER,ALPACA,8a548fcc-503c-4fdf-bac9-2bb0bd566f82,8a548fcc-503c-4fdf-bac9-2bb0bd566f82,filled,259.0,1.95,27deb296-8855-4fca-b864-1cd9c5e6362e,259,1.925,1.9460000000000002,1.883,1.95,STOP_HIT,CLOSED,Paper trade exit synced from Alpaca. exit_event=STOP_HIT,2026-03-27T18:10:01.348784+00:00,1.925,1.9460000000000002,1.883,70.0,,,,,
2026-03-27T18:40:00.955508+00:00,OPEN,NFLX,Netflix,core_two,ALPACA_PAPER,ALPACA,b85fdb47-48ba-456e-a976-ab4d8bc58a07,b85fdb47-48ba-456e-a976-ab4d8bc58a07,pending_new,,,,5,93.24,93.996,91.728,,,OPEN,Paper SELL bracket order submitted. client_order_id=scanner-NFLX-SELL-932400-5,2026-03-27T18:40:00.955508+00:00,93.24,93.996,91.728,80.0,,,,,
2026-03-27T18:40:08.836025+00:00,STOP_HIT,QBTS,D-Wave Quantum,fourth,ALPACA_PAPER,ALPACA,6fe01937-3a60-4ae9-be9a-79ffdf49d1e4,6fe01937-3a60-4ae9-be9a-79ffdf49d1e4,filled,36.0,13.96,a751fc1e-0e35-4740-a6a9-06b31bde925b,36,13.87,13.950499999999998,13.709,13.96,STOP_HIT,CLOSED,Paper trade exit synced from Alpaca. exit_event=STOP_HIT,2026-03-27T17:20:00.949657+00:00,13.87,13.950499999999998,13.709,70.0,,,,,
2026-03-27T18:40:10.752073+00:00,STOP_HIT,IONQ,IonQ,fourth,ALPACA_PAPER,ALPACA,1e4bc33d-9027-4ea1-98ce-79d3b9cf16a8,1e4bc33d-9027-4ea1-98ce-79d3b9cf16a8,filled,18.0,27.89,a1f165fa-10b3-4e17-924a-a2eebd6c531b,18,27.7,27.868,27.364,27.89,STOP_HIT,CLOSED,Paper trade exit synced from Alpaca. exit_event=STOP_HIT,2026-03-27T18:20:01.504748+00:00,27.7,27.868,27.364,70.0,,,,,
2026-03-27T18:45:04.363370+00:00,STOP_HIT,RKLB,Rocket Lab,third,ALPACA_PAPER,ALPACA,97f9b690-a423-4ebf-8841-a6896720c46a,97f9b690-a423-4ebf-8841-a6896720c46a,filled,8.0,61.29,9007f593-3152-40bd-b722-0c904c4afb26,8,60.72,61.279999999999994,59.6,61.29,STOP_HIT,CLOSED,Paper trade exit synced from Alpaca. exit_event=STOP_HIT,2026-03-27T18:10:01.348784+00:00,60.72,61.279999999999994,59.6,70.0,,,,,
2026-03-27T18:50:00.912179+00:00,OPEN,JOBY,Joby Aviation,primary,ALPACA_PAPER,ALPACA,ba25b830-e199-4360-ae5e-503fbe4b1365,ba25b830-e199-4360-ae5e-503fbe4b1365,pending_new,,,,61,8.145,8.20275,8.0295,,,OPEN,Paper SELL bracket order submitted. client_order_id=scanner-JOBY-SELL-81450-61,2026-03-27T18:50:00.912179+00:00,8.145,8.20275,8.0295,80.0,,,,,
2026-03-27T18:55:03.392037+00:00,TARGET_HIT,NVDA,NVIDIA,core_one,ALPACA_PAPER,ALPACA,dd47e46f-10be-4bf2-ad16-1d2a42389a92,dd47e46f-10be-4bf2-ad16-1d2a42389a92,filled,2.0,167.47,62d7cb68-5ef6-4e17-9cf2-adc7ac689c34,2,168.815,169.47299999999998,167.499,167.47,TARGET_HIT,CLOSED,Paper trade exit synced from Alpaca. exit_event=TARGET_HIT,2026-03-27T16:30:01.612954+00:00,168.815,169.47299999999998,167.499,89.0,,,,,
2026-03-27T19:00:01.566227+00:00,OPEN,ACHR,Archer Aviation,secondary,ALPACA_PAPER,ALPACA,e8ff711d-9a13-4539-adaa-e67c9ef19960,e8ff711d-9a13-4539-adaa-e67c9ef19960,pending_new,,,,97,5.125,5.15475,5.0655,,,OPEN,Paper SELL bracket order submitted. client_order_id=scanner-ACHR-SELL-51250-97,2026-03-27T19:00:01.566227+00:00,5.125,5.15475,5.0655,70.0,,,,,
2026-03-27T19:05:04.256722+00:00,TARGET_HIT,NIO,NIO,primary,ALPACA_PAPER,ALPACA,3b43534e-99e8-4819-aba8-c62e5a087dd1,3b43534e-99e8-4819-aba8-c62e5a087dd1,filled,93.0,5.32,3cbe344a-ed08-4b3e-bc78-8429ee9fe955,93,5.375,5.403,5.319,5.32,TARGET_HIT,CLOSED,Paper trade exit synced from Alpaca. exit_event=TARGET_HIT,2026-03-27T17:50:01.546774+00:00,5.375,5.403,5.319,80.0,,,,,
2026-03-27T19:20:01.517793+00:00,OPEN,QBTS,D-Wave Quantum,fourth,ALPACA_PAPER,ALPACA,ced1f2a9-0577-4e95-a274-da719b9472dc,ced1f2a9-0577-4e95-a274-da719b9472dc,pending_new,,,,36,13.82,13.9005,13.659,,,OPEN,Paper SELL bracket order submitted. client_order_id=scanner-QBTS-SELL-138200-36,2026-03-27T19:20:01.517793+00:00,13.82,13.9005,13.659,70.0,,,,,
2026-03-27T19:20:01.517793+00:00,OPEN,IONQ,IonQ,fourth,ALPACA_PAPER,ALPACA,94da4a8b-1b9b-4ac6-b7dc-79e3f5db750e,94da4a8b-1b9b-4ac6-b7dc-79e3f5db750e,pending_new,,,,18,27.69,27.858,27.354000000000003,,,OPEN,Paper SELL bracket order submitted. client_order_id=scanner-IONQ-SELL-276900-18,2026-03-27T19:20:01.517793+00:00,27.69,27.858,27.354000000000003,70.0,,,,,
2026-03-27T19:30:01.465952+00:00,OPEN,NVDA,NVIDIA,core_one,ALPACA_PAPER,ALPACA,f0e896b2-c10a-477d-b836-75b27353b504,f0e896b2-c10a-477d-b836-75b27353b504,pending_new,,,,2,167.44,168.09799999999998,166.124,,,OPEN,Paper SELL bracket order submitted. client_order_id=scanner-NVDA-SELL-1674400-2,2026-03-27T19:30:01.465952+00:00,167.44,168.09799999999998,166.124,91.0,,,,,
2026-03-27T19:30:01.465952+00:00,OPEN,MSFT,Microsoft,core_one,ALPACA_PAPER,ALPACA,46d93a5f-a3dd-4ad1-8926-d265e132e6bb,46d93a5f-a3dd-4ad1-8926-d265e132e6bb,pending_new,,,,1,357.525,358.7815,355.012,,,OPEN,Paper SELL bracket order submitted. client_order_id=scanner-MSFT-SELL-3575250-1,2026-03-27T19:30:01.465952+00:00,357.525,358.7815,355.012,90.0,,,,,
2026-03-27T19:40:01.477014+00:00,OPEN,AVGO,Broadcom,core_two,ALPACA_PAPER,ALPACA,6138d723-29b3-428c-943f-ccbec45211be,6138d723-29b3-428c-943f-ccbec45211be,pending_new,,,,1,301.715,303.122,298.90099999999995,,,OPEN,Paper SELL bracket order submitted. client_order_id=scanner-AVGO-SELL-3017150-1,2026-03-27T19:40:01.477014+00:00,301.715,303.122,298.90099999999995,80.0,,,,,
2026-03-27T19:50:01.520754+00:00,OPEN,RIVN,Rivian,primary,ALPACA_PAPER,ALPACA,23b1ea66-5b84-4504-9dc9-e358e3ba1b72,23b1ea66-5b84-4504-9dc9-e358e3ba1b72,pending_new,,,,33,14.715,14.778,14.589,,,OPEN,Paper SELL bracket order submitted. client_order_id=scanner-RIVN-SELL-147150-33,2026-03-27T19:50:01.520754+00:00,14.715,14.778,14.589,100.0,,,,,
2026-03-27T19:50:01.520754+00:00,OPEN,SOFI,SoFi,primary,ALPACA_PAPER,ALPACA,ac0dc9b6-105f-415a-bc13-cee918b60641,ac0dc9b6-105f-415a-bc13-cee918b60641,pending_new,,,,32,15.265,15.352500000000001,15.09,,,OPEN,Paper SELL bracket order submitted. client_order_id=scanner-SOFI-SELL-152650-32,2026-03-27T19:50:01.520754+00:00,15.265,15.352500000000001,15.09,90.0,,,,,
2026-03-27T19:50:01.520754+00:00,OPEN,SNAP,Snap,primary,ALPACA_PAPER,ALPACA,e0a967c4-e854-480b-ad32-06f4ba68f8ec,e0a967c4-e854-480b-ad32-06f4ba68f8ec,pending_new,,,,126,3.955,3.91825,4.0285,,,OPEN,Paper BUY bracket order submitted. client_order_id=scanner-SNAP-BUY-39550-126,2026-03-27T19:50:01.520754+00:00,3.955,3.91825,4.0285,80.0,,,,,
2026-03-27T19:50:01.520754+00:00,OPEN,NIO,NIO,primary,ALPACA_PAPER,ALPACA,a02c1013-ed7f-455f-882e-68d2f7003d89,a02c1013-ed7f-455f-882e-68d2f7003d89,pending_new,,,,94,5.3,5.327999999999999,5.244,,,OPEN,Paper SELL bracket order submitted. client_order_id=scanner-NIO-SELL-53000-94,2026-03-27T19:50:01.520754+00:00,5.3,5.327999999999999,5.244,80.0,,,,,
2026-03-27T19:55:07.030386+00:00,STOP_HIT,RIVN,Rivian,primary,ALPACA_PAPER,ALPACA,23b1ea66-5b84-4504-9dc9-e358e3ba1b72,23b1ea66-5b84-4504-9dc9-e358e3ba1b72,filled,33.0,14.78,a7d41ee1-0224-4ae1-a54c-a3e45364ba8a,33,14.715,14.778,14.589,14.78,STOP_HIT,CLOSED,Paper trade exit synced from Alpaca. exit_event=STOP_HIT,2026-03-27T19:50:01.520754+00:00,14.715,14.778,14.589,100.0,,,,,
2026-03-27T20:00:06.147711+00:00,STOP_HIT,QBTS,D-Wave Quantum,fourth,ALPACA_PAPER,ALPACA,ced1f2a9-0577-4e95-a274-da719b9472dc,ced1f2a9-0577-4e95-a274-da719b9472dc,filled,36.0,13.9,56e56143-bbcb-4bef-9a92-94a668628d9d,36,13.82,13.9005,13.659,13.9,STOP_HIT,CLOSED,Paper trade exit synced from Alpaca. exit_event=STOP_HIT,2026-03-27T19:20:01.517793+00:00,13.82,13.9005,13.659,70.0,,,,,
2026-03-27T20:00:08.148465+00:00,STOP_HIT,SNAP,Snap,primary,ALPACA_PAPER,ALPACA,e0a967c4-e854-480b-ad32-06f4ba68f8ec,e0a967c4-e854-480b-ad32-06f4ba68f8ec,filled,126.0,3.92,a5352e8f-503b-4a96-bfeb-e3bdb681c193,126,3.955,3.91825,4.0285,3.92,STOP_HIT,CLOSED,Paper trade exit synced from Alpaca. exit_event=STOP_HIT,2026-03-27T19:50:01.520754+00:00,3.955,3.91825,4.0285,80.0,,,,,
2026-03-27T20:00:08.726810+00:00,STOP_HIT,NIO,NIO,primary,ALPACA_PAPER,ALPACA,a02c1013-ed7f-455f-882e-68d2f7003d89,a02c1013-ed7f-455f-882e-68d2f7003d89,filled,94.0,5.33,16259156-33ed-4223-b4ca-712a5a8cf03d,94,5.3,5.327999999999999,5.244,5.33,STOP_HIT,CLOSED,Paper trade exit synced from Alpaca. exit_event=STOP_HIT,2026-03-27T19:50:01.520754+00:00,5.3,5.327999999999999,5.244,80.0,,,,,
2026-03-30T19:25:07.490873+00:00,MANUAL_CLOSE,AI,C3.ai,fourth,ALPACA_PAPER,ALPACA,a91ca213-7116-48aa-b2f2-4a2793799db3,a91ca213-7116-48aa-b2f2-4a2793799db3,filled,63.0,7.78,dc9eae8c-3fb8-47d9-8798-c94497bcd31c,63,7.815,7.913,7.619,7.78,EXTERNAL_EXIT,CLOSED,Paper trade exit synced from Alpaca. exit_event=MANUAL_CLOSE,2026-03-27T14:20:00.939825+00:00,7.815,7.913,7.619,70.0,,,,,
2026-03-30T19:25:08.370175+00:00,MANUAL_CLOSE,AMZN,Amazon,core_two,ALPACA_PAPER,ALPACA,a06eb49c-e0a7-4264-80d8-1717159345a7,a06eb49c-e0a7-4264-80d8-1717159345a7,filled,2.0,199.52,7d500d41-97ab-4b42-92f8-4496756f5edd,2,201.12,202.2995,198.761,199.52,EXTERNAL_EXIT,CLOSED,Paper trade exit synced from Alpaca. exit_event=MANUAL_CLOSE,2026-03-27T14:40:01.526477+00:00,201.12,202.2995,198.761,100.0,,,,,
2026-03-30T19:25:09.259993+00:00,MANUAL_CLOSE,PLTR,Palantir,core_one,ALPACA_PAPER,ALPACA,b5cdf892-fed8-4144-b8f0-bc6d1a1282c0,b5cdf892-fed8-4144-b8f0-bc6d1a1282c0,filled,3.0,143.3,9e3d625f-9656-4ae3-98dc-850bef93af3b,3,143.69,144.43025,142.2095,143.3,EXTERNAL_EXIT,CLOSED,Paper trade exit synced from Alpaca. exit_event=MANUAL_CLOSE,2026-03-27T16:30:01.612954+00:00,143.69,144.43025,142.2095,90.0,,,,,
2026-03-30T19:25:10.138828+00:00,MANUAL_CLOSE,TSLA,Tesla,core_one,ALPACA_PAPER,ALPACA,72b0a1e0-d79a-4f2e-97b0-247bd4c91cce,72b0a1e0-d79a-4f2e-97b0-247bd4c91cce,filled,1.0,366.22,f6af3684-1ae3-4dfc-a17e-15cd4f94deaf,1,362.235,364.4295,357.846,366.22,EXTERNAL_EXIT,CLOSED,Paper trade exit synced from Alpaca. exit_event=MANUAL_CLOSE,2026-03-27T17:30:01.600702+00:00,362.235,364.4295,357.846,86.0,,,,,
2026-03-30T19:25:11.001380+00:00,MANUAL_CLOSE,GOOGL,Alphabet,core_two,ALPACA_PAPER,ALPACA,99ffefa4-e5f8-4545-b88e-b956fb02203c,99ffefa4-e5f8-4545-b88e-b956fb02203c,filled,1.0,274.58,ba61630c-4003-4f83-986f-c0d0f957d9ab,1,274.76,276.0375,272.205,274.58,EXTERNAL_EXIT,CLOSED,Paper trade exit synced from Alpaca. exit_event=MANUAL_CLOSE,2026-03-27T17:40:00.935799+00:00,274.76,276.0375,272.205,90.0,,,,,
2026-03-30T19:25:11.893481+00:00,MANUAL_CLOSE,HIMS,Hims & Hers,primary,ALPACA_PAPER,ALPACA,e1c99629-c32f-4912-a9c6-f602bfbf85f9,e1c99629-c32f-4912-a9c6-f602bfbf85f9,filled,25.0,19.37,245af454-1e22-4f10-904a-cf8e62c2a72c,25,19.41,19.5465,19.137,19.37,EXTERNAL_EXIT,CLOSED,Paper trade exit synced from Alpaca. exit_event=MANUAL_CLOSE,2026-03-27T17:50:01.546774+00:00,19.41,19.5465,19.137,80.0,,,,,
2026-03-30T19:25:12.771937+00:00,MANUAL_CLOSE,AAPL,Apple,core_one,ALPACA_PAPER,ALPACA,db80d00a-5a7c-4e6c-bb5f-e461ba699223,db80d00a-5a7c-4e6c-bb5f-e461ba699223,filled,2.0,249.22,7ab41e22-1dba-45b4-aaff-f4ce70a2a56e,2,249.36,250.13525,247.8095,249.22,EXTERNAL_EXIT,CLOSED,Paper trade exit synced from Alpaca. exit_event=MANUAL_CLOSE,2026-03-27T18:30:01.531733+00:00,249.36,250.13525,247.8095,100.0,,,,,
2026-03-30T19:25:13.642621+00:00,MANUAL_CLOSE,NFLX,Netflix,core_two,ALPACA_PAPER,ALPACA,b85fdb47-48ba-456e-a976-ab4d8bc58a07,b85fdb47-48ba-456e-a976-ab4d8bc58a07,filled,5.0,93.44,4f7fc9a4-9a9c-4693-aa45-c464e97668e5,5,93.24,93.996,91.728,93.44,EXTERNAL_EXIT,CLOSED,Paper trade exit synced from Alpaca. exit_event=MANUAL_CLOSE,2026-03-27T18:40:00.955508+00:00,93.24,93.996,91.728,80.0,,,,,
2026-03-30T19:25:14.521608+00:00,MANUAL_CLOSE,JOBY,Joby Aviation,primary,ALPACA_PAPER,ALPACA,ba25b830-e199-4360-ae5e-503fbe4b1365,ba25b830-e199-4360-ae5e-503fbe4b1365,filled,61.0,8.11,e58b8b7d-4c15-456a-ac33-5bdad486d3ce,61,8.145,8.20275,8.0295,8.11,EXTERNAL_EXIT,CLOSED,Paper trade exit synced from Alpaca. exit_event=MANUAL_CLOSE,2026-03-27T18:50:00.912179+00:00,8.145,8.20275,8.0295,80.0,,,,,
2026-03-30T19:25:15.394617+00:00,MANUAL_CLOSE,ACHR,Archer Aviation,secondary,ALPACA_PAPER,ALPACA,e8ff711d-9a13-4539-adaa-e67c9ef19960,e8ff711d-9a13-4539-adaa-e67c9ef19960,filled,97.0,5.11,20996bc1-8fb9-4041-b8c0-a76b0bd32877,97,5.125,5.15475,5.0655,5.11,EXTERNAL_EXIT,CLOSED,Paper trade exit synced from Alpaca. exit_event=MANUAL_CLOSE,2026-03-27T19:00:01.566227+00:00,5.125,5.15475,5.0655,70.0,,,,,
2026-03-30T19:25:16.999808+00:00,MANUAL_CLOSE,IONQ,IonQ,fourth,ALPACA_PAPER,ALPACA,94da4a8b-1b9b-4ac6-b7dc-79e3f5db750e,94da4a8b-1b9b-4ac6-b7dc-79e3f5db750e,filled,18.0,27.49,d041952c-6608-4502-839a-8406befb4df8,18,27.69,27.858,27.354000000000003,27.49,EXTERNAL_EXIT,CLOSED,Paper trade exit synced from Alpaca. exit_event=MANUAL_CLOSE,2026-03-27T19:20:01.517793+00:00,27.69,27.858,27.354000000000003,70.0,,,,,
2026-03-30T19:25:17.928608+00:00,MANUAL_CLOSE,NVDA,NVIDIA,core_one,ALPACA_PAPER,ALPACA,f0e896b2-c10a-477d-b836-75b27353b504,f0e896b2-c10a-477d-b836-75b27353b504,filled,2.0,169.02,da0128d5-2fe5-4317-be6b-f03efdbdc7a4,2,167.44,168.09799999999998,166.124,169.02,EXTERNAL_EXIT,CLOSED,Paper trade exit synced from Alpaca. exit_event=MANUAL_CLOSE,2026-03-27T19:30:01.465952+00:00,167.44,168.09799999999998,166.124,91.0,,,,,
2026-03-30T19:25:18.821951+00:00,MANUAL_CLOSE,MSFT,Microsoft,core_one,ALPACA_PAPER,ALPACA,46d93a5f-a3dd-4ad1-8926-d265e132e6bb,46d93a5f-a3dd-4ad1-8926-d265e132e6bb,filled,1.0,357.36,562ab253-0f7b-4266-acfa-8d850ad0be5f,1,357.525,358.7815,355.012,357.36,EXTERNAL_EXIT,CLOSED,Paper trade exit synced from Alpaca. exit_event=MANUAL_CLOSE,2026-03-27T19:30:01.465952+00:00,357.525,358.7815,355.012,90.0,,,,,
2026-03-30T19:25:19.689235+00:00,MANUAL_CLOSE,AVGO,Broadcom,core_two,ALPACA_PAPER,ALPACA,6138d723-29b3-428c-943f-ccbec45211be,6138d723-29b3-428c-943f-ccbec45211be,filled,1.0,301.54,67a65d4e-2536-4aee-b668-a14fc7d8a8a0,1,301.715,303.122,298.90099999999995,301.54,EXTERNAL_EXIT,CLOSED,Paper trade exit synced from Alpaca. exit_event=MANUAL_CLOSE,2026-03-27T19:40:01.477014+00:00,301.715,303.122,298.90099999999995,80.0,,,,,
2026-03-30T19:25:20.563255+00:00,MANUAL_CLOSE,SOFI,SoFi,primary,ALPACA_PAPER,ALPACA,ac0dc9b6-105f-415a-bc13-cee918b60641,ac0dc9b6-105f-415a-bc13-cee918b60641,filled,32.0,15.3884,645a5c54-1233-4053-8db2-36b2492a0c0e,32,15.265,15.352500000000001,15.09,15.3884,EXTERNAL_EXIT,CLOSED,Paper trade exit synced from Alpaca. exit_event=MANUAL_CLOSE,2026-03-27T19:50:01.520754+00:00,15.265,15.352500000000001,15.09,90.0,,,,,
2026-03-30T19:30:02.529721+00:00,OPEN,NVDA,NVIDIA,core_one,ALPACA_PAPER,ALPACA,872c3eca-d734-4661-93f5-f52635818d03,872c3eca-d734-4661-93f5-f52635818d03,pending_new,,,,1,164.385,165.31074999999998,162.53349999999998,,,OPEN,Paper SELL bracket order submitted. client_order_id=scanner-NVDA-SELL-1643850-1,2026-03-30T19:30:02.529721+00:00,164.385,165.31074999999998,162.53349999999998,100.0,,,,,
2026-03-30T19:30:02.529721+00:00,OPEN,AAPL,Apple,core_one,ALPACA_PAPER,ALPACA,ad1dd4f8-fe7d-4abc-b23f-ec51605e4e9b,ad1dd4f8-fe7d-4abc-b23f-ec51605e4e9b,pending_new,,,,1,245.875,247.21200000000002,243.201,,,OPEN,Paper SELL bracket order submitted. client_order_id=scanner-AAPL-SELL-2458750-1,2026-03-30T19:30:02.529721+00:00,245.875,247.21200000000002,243.201,100.0,,,,,
2026-03-30T19:30:10.745108+00:00,MANUAL_CLOSE,NVDA,NVIDIA,core_one,ALPACA_PAPER,ALPACA,872c3eca-d734-4661-93f5-f52635818d03,872c3eca-d734-4661-93f5-f52635818d03,filled,2.0,169.02,da0128d5-2fe5-4317-be6b-f03efdbdc7a4,1,164.385,165.31074999999998,162.53349999999998,169.02,EXTERNAL_EXIT,CLOSED,Paper trade exit synced from Alpaca. exit_event=MANUAL_CLOSE,2026-03-30T19:30:02.529721+00:00,164.385,165.31074999999998,162.53349999999998,100.0,,,,,
2026-03-30T19:30:11.647284+00:00,MANUAL_CLOSE,AAPL,Apple,core_one,ALPACA_PAPER,ALPACA,ad1dd4f8-fe7d-4abc-b23f-ec51605e4e9b,ad1dd4f8-fe7d-4abc-b23f-ec51605e4e9b,filled,2.0,249.22,7ab41e22-1dba-45b4-aaff-f4ce70a2a56e,1,245.875,247.21200000000002,243.201,249.22,EXTERNAL_EXIT,CLOSED,Paper trade exit synced from Alpaca. exit_event=MANUAL_CLOSE,2026-03-30T19:30:02.529721+00:00,245.875,247.21200000000002,243.201,100.0,,,,,
